<?xml version="1.0" encoding="UTF-8"?>
<project-private xmlns="http://www.netbeans.org/ns/project-private/1">
    <editor-bookmarks xmlns="http://www.netbeans.org/ns/editor-bookmarks/2" lastBookmarkId="0"/>
    <open-files xmlns="http://www.netbeans.org/ns/projectui-open-files/2">
        <group>
            <file>file:/C:/Users/Luciernaga/Documents/aspectos_hum2022/Proyect%202a/3a%20Luz/src/p3a/Logic.java</file>
            <file>file:/C:/Users/Luciernaga/Documents/aspectos_hum2022/Proyect%202a/3a%20Luz/src/p3a/EstimacionCorLineal.java</file>
            <file>file:/C:/Users/Luciernaga/Documents/aspectos_hum2022/Proyect%202a/3a%20Luz/src/p3a/Output.java</file>
            <file>file:/C:/Users/Luciernaga/Documents/aspectos_hum2022/Proyect%202a/3a%20Luz/src/p3a/Input.java</file>
            <file>file:/C:/Users/Luciernaga/Documents/aspectos_hum2022/Proyect%202a/3a%20Luz/src/p3a/App.java</file>
            <file>file:/C:/Users/Luciernaga/Documents/aspectos_hum2022/Proyect%202a/3a%20Luz/src/p3a/Data.java</file>
        </group>
    </open-files>
</project-private>
